#{"t_start": 1763493762.6290798, "env_id": "HealthcareEnv-v0"}
r,l,t
-195.0,90,2.054382
1500.0,90,2.093741
1400.0,90,2.110979
25.0,90,2.130428
1125.0,90,2.163537
390.0,90,2.187079
2900.0,90,2.205677
3135.0,90,2.220227
-1365.0,90,2.251904
895.0,90,2.284919
3780.0,90,2.294363
1175.0,90,2.598001
-4505.0,89,2.824592
2085.0,90,2.993751
3900.0,90,3.19401
2535.0,90,3.380511
1515.0,78,3.562171
4945.0,90,3.773268
2690.0,90,3.969294
1005.0,90,4.132677
4150.0,85,4.329476
3520.0,90,4.597636
3965.0,90,4.797024
3935.0,89,4.976532
-2240.0,82,5.165699
5780.0,90,5.350884
4705.0,90,5.520737
3500.0,90,5.725948
3680.0,90,5.954493
6090.0,90,6.143207
3175.0,90,6.319241
5455.0,90,6.520052
5405.0,90,6.719933
5870.0,90,6.897273
5015.0,90,7.108265
5515.0,85,7.297818
4290.0,90,7.496956
5315.0,90,7.69341
6280.0,90,7.873575
6135.0,90,8.089578
6340.0,90,8.378897
5185.0,90,8.579623
5830.0,90,8.800827
5545.0,90,8.994428
6405.0,90,9.228827
7320.0,90,9.461081
7975.0,90,9.688621
5070.0,90,9.901441
6690.0,90,10.14221
6835.0,90,10.367821
5070.0,90,10.672849
5815.0,90,10.855218
4570.0,90,11.116756
8135.0,90,11.326235
6315.0,90,11.510701
7110.0,90,12.295526
6455.0,90,12.591574
7735.0,90,12.93979
6785.0,90,13.173158
3855.0,90,13.403414
5670.0,90,13.633233
6115.0,90,13.841505
4260.0,90,14.091596
4130.0,86,14.30424
2745.0,90,14.543477
7040.0,90,14.757765
7280.0,90,14.981432
5895.0,90,15.212672
6500.0,90,15.443666
5925.0,90,15.677763
5590.0,90,15.893733
6160.0,90,16.110323
6670.0,90,16.383807
3750.0,90,16.582844
6300.0,90,16.783437
6575.0,90,17.006987
4450.0,90,17.259642
5165.0,90,17.589564
3410.0,90,17.883683
5465.0,90,18.111654
6555.0,90,18.386845
6175.0,90,18.607518
6295.0,90,18.834774
5565.0,90,19.033769
7290.0,90,19.283693
6775.0,90,19.521076
7090.0,90,19.753344
7590.0,90,19.941597
7755.0,90,20.193128
4900.0,90,20.426696
3905.0,90,20.647731
8075.0,90,20.854201
4885.0,90,21.125478
5795.0,90,21.335594
1675.0,90,21.579134
5350.0,90,21.856815
5595.0,90,22.134108
3315.0,90,22.357718
6325.0,90,22.620198
7585.0,90,22.8662
4880.0,90,23.205375
5315.0,90,23.488276
3720.0,90,23.743686
5505.0,90,24.013769
6765.0,90,24.257493
7010.0,90,24.49613
8475.0,90,24.744219
2960.0,90,24.945295
9370.0,90,25.205782
5240.0,90,25.491996
7020.0,90,25.751056
6535.0,90,26.367766
6350.0,90,26.673317
4960.0,90,26.975868
6725.0,88,27.19589
1815.0,90,27.432987
5860.0,90,27.70248
5095.0,90,27.958829
4265.0,90,28.193951
8440.0,90,28.459224
5745.0,90,28.775832
5620.0,90,29.105277
5525.0,90,29.356007
5095.0,90,29.609868
1790.0,56,29.781118
6615.0,90,30.017786
8675.0,90,30.269408
6870.0,90,30.485235
5475.0,90,30.73883
2390.0,90,30.965894
6050.0,90,31.205631
3775.0,90,31.453514
5330.0,90,31.686349
7520.0,90,31.930132
3815.0,90,32.201876
6360.0,90,32.450555
5560.0,90,32.727341
2875.0,90,32.964254
4380.0,64,33.117638
7120.0,90,33.356068
7450.0,90,33.622776
6845.0,90,33.869838
5370.0,90,34.165761
3520.0,90,34.452363
5355.0,90,34.729294
5645.0,90,34.992762
5415.0,90,35.271671
5625.0,90,35.501742
5155.0,90,35.764722
4615.0,90,36.007547
1555.0,90,36.239161
4240.0,90,36.517539
4300.0,90,36.750549
7665.0,90,36.977642
2440.0,90,37.23262
5125.0,90,37.512961
5235.0,90,37.741219
5440.0,90,37.984951
5770.0,88,38.253481
7390.0,90,38.477162
7005.0,90,38.704092
5705.0,90,38.93558
4940.0,81,39.146477
3825.0,68,39.328032
7100.0,90,39.678345
5650.0,90,39.942517
4465.0,90,40.180555
6260.0,90,40.409137
5460.0,90,40.869791
4400.0,90,41.085344
3595.0,90,41.356501
3365.0,90,41.606482
6150.0,90,41.888527
3380.0,67,42.079648
4155.0,90,42.326679
6005.0,90,42.589567
6520.0,90,42.871181
2350.0,90,43.132687
5465.0,90,43.371012
6920.0,90,43.601896
4935.0,69,43.795749
7190.0,90,44.033819
5400.0,90,44.276694
4740.0,90,44.528312
1680.0,90,44.805757
5865.0,90,45.122804
6580.0,90,45.474472
7010.0,90,45.742125
5100.0,90,45.980475
4080.0,90,46.214671
6495.0,90,46.469811
9610.0,90,46.699311
4655.0,90,46.945902
3335.0,75,47.150152
7230.0,90,47.371206
4020.0,82,47.593521
5540.0,85,47.822799
3360.0,90,48.059086
6490.0,90,48.27938
5170.0,90,48.516821
6040.0,90,48.790515
7580.0,90,49.015527
3885.0,90,49.261712
5745.0,90,49.495582
4305.0,90,49.778754
6820.0,90,50.022471
2140.0,90,50.267593
4220.0,90,50.545044
6455.0,72,50.804513
6755.0,90,51.073591
6655.0,90,51.347708
3125.0,87,51.533796
3445.0,84,51.760945
3060.0,72,51.936676
3875.0,90,52.184723
5380.0,90,52.423094
7555.0,90,52.736462
5915.0,90,52.965656
5670.0,90,53.270995
950.0,72,53.455541
2515.0,57,53.651962
6075.0,90,53.894886
3780.0,90,54.161148
5345.0,90,54.435264
5485.0,90,54.686173
5815.0,90,55.204015
5920.0,84,55.419177
5245.0,90,55.719289
6880.0,90,56.049106
3735.0,71,56.323356
5945.0,90,56.575162
8185.0,90,56.86546
5970.0,90,57.157815
4935.0,76,57.380151
7290.0,90,57.629875
6130.0,90,57.926143
6990.0,90,58.189021
4785.0,84,58.435182
6665.0,90,58.682849
2380.0,90,58.970607
7340.0,90,59.247612
5040.0,90,59.519766
5670.0,90,59.762935
4990.0,90,59.988556
7920.0,90,60.280856
3600.0,61,60.437651
7245.0,90,60.664028
4395.0,90,60.867234
5265.0,90,61.102849
4760.0,89,61.373629
6735.0,90,61.703595
4465.0,90,61.957715
5640.0,90,62.200218
6320.0,90,62.45547
4415.0,90,62.682818
2755.0,66,62.818974
3655.0,77,63.036574
8510.0,90,63.252411
2365.0,90,63.476968
7990.0,90,63.737522
5200.0,90,63.987508
4155.0,90,64.210871
3520.0,73,64.399226
5105.0,90,64.633127
4465.0,90,64.944938
3750.0,73,65.144734
2870.0,59,65.296306
7575.0,90,65.510406
6325.0,71,65.723496
3770.0,80,65.946923
3145.0,72,66.117318
6840.0,90,66.35832
8475.0,90,66.585122
6365.0,90,66.811206
4560.0,90,67.102661
3095.0,62,67.271108
7055.0,90,67.499125
4690.0,90,67.719573
6130.0,90,67.951289
4785.0,90,68.148726
3215.0,62,68.359986
9055.0,90,68.534658
7255.0,76,68.713454
8625.0,90,68.935141
3175.0,66,69.467575
5055.0,90,69.713747
8645.0,90,69.964936
-1435.0,71,70.144426
1125.0,75,70.365136
5995.0,90,70.621538
6940.0,90,70.852467
6235.0,90,71.095439
5555.0,90,71.341084
5775.0,90,71.56197
4950.0,90,71.823305
4415.0,90,72.055875
7180.0,90,72.303869
4010.0,83,72.498338
6075.0,90,72.727956
5620.0,90,72.976485
4840.0,76,73.204276
6045.0,90,73.421255
6630.0,90,73.668317
5455.0,90,73.902984
6635.0,90,74.212873
4215.0,65,74.378462
5400.0,90,74.604226
2205.0,90,74.845559
5860.0,90,75.127369
3430.0,71,75.362223
2935.0,64,75.527319
4605.0,90,75.735945
6975.0,90,75.988451
7225.0,90,76.231468
4010.0,85,76.468392
4395.0,90,76.724811
-4315.0,90,76.96591
-6620.0,59,77.105733
2745.0,90,77.314093
20.0,90,77.536352
-2035.0,90,77.807972
4585.0,90,78.021509
6490.0,90,78.219665
6410.0,90,78.456105
5460.0,79,78.685552
4340.0,73,78.874551
3665.0,90,79.070964
4250.0,90,79.28634
3180.0,90,79.543023
4085.0,66,79.706825
6160.0,88,79.942311
5940.0,78,80.167105
6705.0,90,80.419352
5650.0,73,80.604833
4015.0,90,80.854992
3780.0,90,81.069637
3375.0,86,81.288329
620.0,52,81.416654
2170.0,64,81.56797
3445.0,77,81.741318
4185.0,69,81.946858
3605.0,90,82.167005
3175.0,89,82.38175
4740.0,90,82.572039
4295.0,90,83.125342
7030.0,71,83.328817
1970.0,57,83.472606
6765.0,90,83.678764
2390.0,90,83.94237
3290.0,87,84.146361
-5255.0,75,84.352879
-3035.0,80,84.533363
7030.0,90,84.780162
8730.0,90,85.025334
5425.0,90,85.282678
560.0,90,85.519169
5915.0,90,85.744761
3930.0,59,85.879103
6335.0,80,86.074205
3915.0,64,86.291396
8630.0,90,86.551953
3040.0,82,86.766593
5070.0,90,87.034226
8275.0,90,87.281535
5100.0,90,87.525132
3910.0,90,87.810932
4115.0,84,88.067868
6000.0,90,88.344661
3545.0,90,88.636643
3385.0,90,88.905384
5060.0,65,89.079325
3845.0,77,89.252651
3505.0,73,89.482977
2480.0,90,89.730683
3990.0,90,89.929556
8005.0,90,90.190805
6905.0,90,90.472085
3470.0,90,90.702697
6550.0,90,90.876555
4325.0,90,91.076481
4365.0,90,91.332591
3520.0,90,91.534654
2825.0,90,91.735148
6220.0,90,91.948116
5645.0,90,92.166024
4340.0,90,92.408249
-185.0,62,92.57545
6175.0,90,92.78342
6255.0,86,93.028795
3365.0,84,93.245054
4965.0,68,93.434266
6255.0,90,93.757598
6005.0,77,93.970862
2805.0,90,94.230786
2030.0,90,94.473246
3630.0,77,94.695127
6950.0,90,94.945881
3500.0,83,95.178166
-120.0,50,95.319158
-345.0,67,95.501885
7915.0,90,95.798728
8605.0,90,96.051764
2585.0,90,96.298077
7135.0,90,96.85924
3410.0,90,97.166949
3425.0,84,97.421009
5930.0,90,97.673329
7895.0,90,97.926181
-4280.0,88,98.216805
725.0,90,98.452435
5480.0,90,98.696208
2375.0,90,98.976092
4145.0,90,99.379866
4860.0,90,99.660161
5935.0,90,99.91688
3395.0,90,100.169452
4140.0,90,100.443557
4230.0,90,100.664106
6860.0,90,100.869265
5315.0,88,101.116914
8185.0,90,101.36449
6170.0,90,101.67455
3700.0,90,101.915859
5230.0,68,102.101864
5300.0,90,102.353304
4390.0,66,102.493779
4655.0,90,102.727189
3890.0,67,102.933404
7640.0,90,103.177558
4225.0,90,103.396856
2630.0,90,103.655822
6005.0,90,103.923116
6110.0,90,104.179181
6530.0,90,104.410247
4465.0,70,104.579757
5455.0,90,104.799157
4710.0,78,105.049119
3540.0,90,105.289165
5310.0,90,105.514133
5860.0,90,105.743744
350.0,90,105.985874
3965.0,90,106.258104
3465.0,55,106.4047
1185.0,53,106.543721
6985.0,90,106.780797
5835.0,90,107.041006
1395.0,52,107.169105
4110.0,90,107.431481
6430.0,90,107.669654
5500.0,90,107.905423
-1200.0,43,108.028658
6820.0,90,108.2549
7035.0,90,108.550856
5410.0,90,108.773778
3990.0,85,108.960937
3365.0,83,109.153624
6075.0,90,109.384584
3170.0,90,109.611171
7475.0,90,109.838408
6955.0,80,110.014581
3040.0,90,110.262526
5615.0,84,110.484714
5105.0,73,111.011986
110.0,90,111.238734
-6380.0,56,111.416541
-5640.0,47,111.543429
4145.0,90,111.787235
3790.0,90,112.064145
5220.0,90,112.298408
3620.0,90,112.519129
6905.0,90,112.764229
2455.0,90,112.997881
3625.0,90,113.262492
4585.0,90,113.519245
-680.0,51,113.655285
7215.0,73,113.860694
8175.0,90,114.110033
6180.0,90,114.361702
3510.0,62,114.499835
4830.0,90,114.731878
4485.0,90,114.999582
5115.0,90,115.24094
5015.0,90,115.492564
3420.0,68,115.653951
3460.0,84,115.893377
4460.0,90,116.135547
5170.0,90,116.359464
-5870.0,54,116.497518
-1750.0,90,116.772574
5715.0,90,117.002734
4220.0,72,117.198316
7780.0,90,117.419453
-1755.0,44,117.534113
1785.0,90,117.798893
8155.0,90,118.021668
7010.0,90,118.254712
6150.0,90,118.499437
1665.0,90,118.736513
5825.0,87,118.966799
9255.0,90,119.214085
6230.0,90,119.445562
5740.0,90,119.685528
7215.0,90,119.881558
4215.0,90,120.129899
6050.0,90,120.411287
3130.0,77,120.62566
-1790.0,53,120.764589
-395.0,90,120.995782
2455.0,90,121.329346
8470.0,88,121.550673
8060.0,90,121.749758
6585.0,90,121.989877
6040.0,90,122.244978
4640.0,90,122.516838
7215.0,90,122.750838
7375.0,90,122.965964
6285.0,90,123.230641
4620.0,65,123.380269
6235.0,90,123.627679
8630.0,90,123.85674
8295.0,90,124.117605
3855.0,90,124.353454
8350.0,90,124.855628
4520.0,90,125.054064
8060.0,90,125.323067
3380.0,75,125.535452
3160.0,61,125.683032
-1175.0,84,125.924146
645.0,90,126.181568
5820.0,90,126.403434
6830.0,90,126.61951
4400.0,90,126.870875
8370.0,90,127.167844
4925.0,90,127.395143
6880.0,90,127.632824
4950.0,90,127.85094
1760.0,61,128.041295
5410.0,90,128.291618
7930.0,90,128.543411
5825.0,90,128.772869
8465.0,90,129.030792
3285.0,57,129.210546
-4805.0,67,129.415723
4500.0,86,129.605211
6820.0,66,129.79544
5670.0,69,129.969566
6795.0,90,130.196383
8285.0,90,130.460618
6910.0,90,130.730397
4480.0,90,130.96904
5815.0,90,131.182663
7725.0,90,131.410496
9180.0,90,131.707894
4000.0,90,131.935698
6115.0,90,132.162882
-5665.0,78,132.34338
4700.0,90,132.594282
6025.0,90,132.844857
2810.0,56,133.028975
6285.0,90,133.278905
7380.0,79,133.493363
4030.0,69,133.6702
3335.0,75,133.887918
9020.0,90,134.127178
5420.0,90,134.397661
4125.0,62,134.561775
6425.0,83,134.780204
2625.0,57,134.947604
5630.0,74,135.169607
8310.0,90,135.416606
7395.0,90,135.638098
9310.0,88,135.853699
7155.0,90,136.083604
7540.0,90,136.315893
5060.0,79,136.500443
6495.0,89,136.711063
7140.0,90,136.947638
5525.0,90,137.184694
5260.0,90,137.443854
8350.0,90,137.676756
8205.0,90,137.922278
5265.0,68,138.103852
4715.0,90,138.639874
6370.0,90,138.875374
9320.0,90,139.141181
3215.0,69,139.314598
6675.0,90,139.579507
9160.0,90,139.86709
7270.0,90,140.119066
7550.0,83,140.353915
8630.0,90,140.583067
5985.0,83,140.81735
10540.0,90,141.083577
8515.0,90,141.332608
4850.0,90,141.541195
7470.0,90,141.784631
2945.0,90,142.036568
6830.0,90,142.263691
8510.0,90,142.474169
4850.0,75,142.663449
6920.0,90,142.910319
600.0,90,143.157286
7450.0,90,143.362525
7625.0,90,143.62516
8005.0,90,143.879383
5465.0,90,144.11508
8680.0,90,144.379279
5035.0,90,144.640862
6610.0,90,144.961798
5085.0,90,145.237014
8340.0,87,145.483145
7510.0,90,145.708786
8865.0,90,145.964742
9755.0,90,146.187181
4295.0,71,146.369794
5330.0,90,146.61945
7635.0,78,146.853269
5870.0,90,147.091377
8500.0,90,147.338518
8585.0,90,147.581352
9410.0,90,147.844755
6145.0,82,148.076382
9710.0,90,148.313666
3290.0,90,148.548616
2160.0,90,148.833302
5555.0,90,149.069153
9100.0,90,149.367888
7665.0,90,149.615158
9235.0,90,149.867332
7905.0,90,150.123624
3095.0,90,150.409991
6590.0,90,150.699645
-1170.0,74,150.91354
3735.0,60,151.083009
11130.0,90,151.336296
7910.0,90,151.566709
8450.0,80,151.812108
7045.0,90,152.058533
7215.0,90,152.303281
5630.0,90,152.818857
6095.0,90,153.012779
7810.0,90,153.254577
6235.0,74,153.464476
8085.0,90,153.685322
5690.0,90,153.931892
5740.0,90,154.159846
5285.0,60,154.31613
7715.0,90,154.563842
6900.0,72,154.802534
5275.0,90,155.031759
10010.0,90,155.295177
5380.0,90,155.553577
5915.0,90,155.871241
8445.0,90,156.167167
4955.0,90,156.396836
6300.0,90,156.636821
8750.0,90,156.969265
8130.0,90,157.188118
5680.0,90,157.405411
7480.0,90,157.651594
8910.0,90,157.924846
-1890.0,48,158.069016
-3765.0,47,158.216181
-3300.0,44,158.353846
4075.0,80,158.576923
6725.0,66,158.753955
7345.0,83,158.965563
7995.0,90,159.234128
7805.0,90,159.477029
7975.0,85,159.712355
8445.0,90,159.945749
9680.0,90,160.164741
7830.0,90,160.441912
7980.0,90,160.672071
7760.0,90,160.903885
7710.0,90,161.171534
5465.0,85,161.497579
7490.0,90,161.75529
9190.0,90,161.989166
2805.0,66,162.156726
3215.0,90,162.419589
9630.0,90,162.670397
2315.0,90,162.902815
-3085.0,39,163.01435
9260.0,90,163.25778
8140.0,90,163.470917
8910.0,90,163.730112
5515.0,90,163.964734
8645.0,90,164.226238
8515.0,90,164.436235
5255.0,90,164.684677
9840.0,90,164.935265
3800.0,90,165.174781
10260.0,90,165.425298
7535.0,90,165.732792
9040.0,90,165.943543
5480.0,90,166.373056
7360.0,90,166.593084
5650.0,76,167.111801
8140.0,81,167.367182
8330.0,90,167.610817
6730.0,90,167.865124
8790.0,90,168.083741
8815.0,90,168.317422
5000.0,90,168.58416
9180.0,90,168.801602
9840.0,84,169.001207
8700.0,90,169.232026
8390.0,90,169.496017
8405.0,90,169.716653
7315.0,90,169.954977
5725.0,90,170.189804
6260.0,90,170.441925
8170.0,90,170.706225
6665.0,73,170.860512
2410.0,49,171.008321
8795.0,90,171.255947
10285.0,90,171.483588
6385.0,86,171.726025
7700.0,66,171.961783
3570.0,90,172.239005
7510.0,90,172.464727
6125.0,90,172.68777
1340.0,90,172.948745
6565.0,90,173.195674
8115.0,90,173.431675
9775.0,90,173.657514
8860.0,90,173.866028
8670.0,90,174.182767
9055.0,90,174.428968
8125.0,90,174.662612
10320.0,90,174.903713
6515.0,78,175.132515
8015.0,90,175.415834
8130.0,90,175.632827
8745.0,90,175.871088
8655.0,90,176.110404
4480.0,90,176.356029
7505.0,90,176.584187
7410.0,90,176.828023
9015.0,90,177.050549
8460.0,90,177.291611
8440.0,90,177.564181
8475.0,90,177.805819
8220.0,90,178.047877
5010.0,90,178.283956
8425.0,90,178.497591
1880.0,90,178.757934
5600.0,90,179.027775
7705.0,86,179.26084
7110.0,68,179.430853
7300.0,90,179.618232
7510.0,75,179.84841
7860.0,90,180.075634
8290.0,90,180.345816
7925.0,90,180.575853
7070.0,90,181.133087
10400.0,90,181.358459
8065.0,90,181.580945
9820.0,90,181.828923
8900.0,90,182.097129
5530.0,90,182.347166
8630.0,90,182.589473
7765.0,90,182.800819
6665.0,90,183.099631
7195.0,90,183.324648
7450.0,90,183.561605
7985.0,90,183.807938
9195.0,90,184.08606
9135.0,90,184.310082
8100.0,90,184.574934
7595.0,90,184.794266
9305.0,90,185.049699
8400.0,90,185.286086
7845.0,90,185.540645
8925.0,90,185.776943
8460.0,82,186.026367
9425.0,90,186.229004
8045.0,90,186.45957
7535.0,73,186.662338
9085.0,90,186.943372
8590.0,90,187.183445
7660.0,90,187.433914
7640.0,90,187.628388
8100.0,90,187.917329
8120.0,90,188.148379
7880.0,90,188.379316
7085.0,80,188.603573
6115.0,90,188.871298
4345.0,90,189.131054
6690.0,75,189.322432
7010.0,78,189.528232
7600.0,90,189.786122
8715.0,90,190.039624
7420.0,90,190.329033
8590.0,90,190.582425
7920.0,90,190.824074
9670.0,90,191.062368
7625.0,85,191.307855
8335.0,90,191.596994
6915.0,72,191.804465
7810.0,71,191.996419
7900.0,90,192.221219
6175.0,90,192.483278
7590.0,90,192.761417
8220.0,82,192.97207
8130.0,84,193.219113
5805.0,90,193.455523
5275.0,90,193.72399
8580.0,90,193.950306
9440.0,90,194.173948
7265.0,90,194.427027
7410.0,83,194.669291
8280.0,77,195.177223
7940.0,90,195.3937
6940.0,90,195.641531
7445.0,90,195.925338
9000.0,90,196.165919
8475.0,90,196.379687
5245.0,90,196.596088
9275.0,90,196.850754
1965.0,90,197.12936
9450.0,90,197.371015
8190.0,90,197.617352
8870.0,90,197.859797
7495.0,90,198.111657
9730.0,90,198.380247
7335.0,67,198.550142
7070.0,90,198.798119
9200.0,90,199.039843
7020.0,84,199.25884
7860.0,90,199.506429
8430.0,90,199.763682
8745.0,90,200.027287
7535.0,90,200.26209
3540.0,63,200.427755
11085.0,90,200.669124
7605.0,90,200.912308
7565.0,84,201.116155
105.0,90,201.382092
9140.0,90,201.66275
8595.0,90,201.919075
6880.0,90,202.139616
8115.0,90,202.335117
6580.0,87,202.578278
9365.0,90,202.821114
9125.0,90,203.047985
6145.0,90,203.288986
7785.0,87,203.523582
8570.0,90,203.753185
6760.0,90,203.9787
6875.0,87,204.198693
7655.0,73,204.421755
6815.0,72,204.623538
7240.0,90,204.854354
9555.0,90,205.053782
6645.0,90,205.3191
6290.0,84,205.517661
8560.0,90,205.759055
8360.0,90,205.970322
9200.0,90,206.233573
7340.0,90,206.486486
9400.0,90,206.717965
8330.0,90,206.958393
7840.0,78,207.185419
9315.0,84,207.415237
7945.0,83,207.634079
9805.0,90,207.873865
8925.0,90,208.101221
6950.0,90,208.305964
7835.0,74,208.834065
7050.0,86,209.064184
6185.0,90,209.33252
7310.0,90,209.545816
8650.0,90,209.801649
8885.0,90,210.032949
8385.0,90,210.289299
7215.0,90,210.51906
8590.0,87,210.747583
8430.0,90,211.01959
9370.0,90,211.265996
10000.0,90,211.497552
7840.0,90,211.745708
8020.0,90,211.998587
7055.0,86,212.261188
8520.0,90,212.49849
7080.0,88,212.721272
8835.0,90,212.949492
7295.0,90,213.23947
8275.0,90,213.481709
8915.0,90,213.714665
6665.0,90,213.943433
6160.0,75,214.173356
8075.0,90,214.440103
8405.0,90,214.683068
9210.0,90,214.907349
9660.0,90,215.162683
9100.0,90,215.394548
9660.0,90,215.669358
6575.0,63,215.841259
9680.0,90,216.092247
6355.0,90,216.319483
8840.0,90,216.557081
9460.0,90,216.818072
8295.0,81,217.04983
8150.0,90,217.356371
9515.0,90,217.577043
3480.0,85,217.832503
8260.0,90,218.084192
5930.0,90,218.313813
2430.0,90,218.55724
6240.0,69,218.742801
8980.0,89,219.02116
8250.0,90,219.26935
8435.0,90,219.500599
7900.0,86,219.723349
8340.0,90,219.948692
8730.0,90,220.222972
7225.0,90,220.464495
6595.0,90,220.705444
8725.0,90,220.96131
9610.0,90,221.23039
8500.0,90,221.444482
8070.0,90,221.699465
4950.0,90,221.949532
7860.0,90,222.16976
8115.0,85,222.40894
10620.0,90,222.976787
8040.0,90,223.233005
8735.0,90,223.492893
7400.0,90,223.720788
5345.0,90,223.953495
-5750.0,50,224.107939
2175.0,90,224.319045
8735.0,90,224.575308
6910.0,90,224.838431
8605.0,90,225.085593
7970.0,79,225.287961
8195.0,90,225.533573
5535.0,70,225.79026
2575.0,58,225.971333
9440.0,89,226.186508
8935.0,90,226.430799
9395.0,90,226.680186
8965.0,74,226.898633
8025.0,90,227.134696
7610.0,90,227.373123
7235.0,90,227.618824
8795.0,90,227.882633
7950.0,90,228.141635
2010.0,90,228.404736
8130.0,90,228.625068
8040.0,85,228.862458
6605.0,75,229.064393
7645.0,90,229.322366
7840.0,90,229.571135
6600.0,90,229.814449
8425.0,90,230.051739
8470.0,77,230.249992
7305.0,69,230.486327
6405.0,90,230.734449
8175.0,90,230.96634
9320.0,90,231.195683
7420.0,90,231.436959
7995.0,90,231.71906
9140.0,90,231.9332
8550.0,83,232.167283
8850.0,90,232.388712
8790.0,90,232.626999
7825.0,90,232.881652
6575.0,81,233.093437
8870.0,79,233.280922
8625.0,90,233.536736
6730.0,65,233.704456
7170.0,90,233.973165
7370.0,85,234.203179
7165.0,90,234.48511
8255.0,80,234.710135
7955.0,90,234.919107
8480.0,86,235.173026
7955.0,90,235.440564
9430.0,90,235.661501
7950.0,90,235.890045
805.0,60,236.060095
1655.0,51,236.239398
8770.0,90,236.462322
8210.0,90,236.950626
7000.0,90,237.161698
8155.0,90,237.451579
7720.0,90,237.666047
8010.0,90,237.890138
7470.0,86,238.088605
8695.0,90,238.3293
3860.0,68,238.540395
9005.0,90,238.767926
7960.0,90,239.019516
8330.0,90,239.269329
6285.0,90,239.509238
7065.0,82,239.72769
9655.0,90,239.965941
7685.0,90,240.235934
8395.0,90,240.47542
6225.0,90,240.718177
8135.0,75,240.934599
7675.0,88,241.181228
7050.0,90,241.410033
6355.0,90,241.639373
8350.0,90,241.855703
7955.0,88,242.123121
8830.0,89,242.35051
8440.0,90,242.583437
7915.0,90,242.819564
7615.0,90,243.093404
8150.0,89,243.297706
8725.0,90,243.530422
5060.0,90,243.793725
5600.0,79,244.021236
3675.0,90,244.277098
8575.0,90,244.519804
7250.0,90,244.769264
8605.0,74,244.971135
9955.0,90,245.217085
8520.0,90,245.466869
7835.0,87,245.703093
9475.0,90,245.951421
7030.0,86,246.17102
7930.0,90,246.395761
8725.0,90,246.64183
8580.0,90,246.902284
6545.0,79,247.086662
4475.0,88,247.35978
9125.0,90,247.617721
8410.0,90,247.872534
8745.0,90,248.095824
7205.0,83,248.33342
7950.0,90,248.552677
7350.0,90,248.8354
9455.0,90,249.083609
9030.0,90,249.321035
9165.0,90,249.556005
7875.0,90,249.911147
7430.0,90,250.223007
6520.0,90,250.801775
7955.0,73,250.975277
7270.0,81,251.239113
6385.0,68,251.434313
8690.0,90,251.669459
6975.0,90,251.900679
8200.0,90,252.223387
8205.0,90,252.481045
8885.0,90,252.719612
8160.0,90,252.960172
6380.0,90,253.215912
7810.0,90,253.467754
3670.0,64,253.657475
6350.0,89,253.896086
6785.0,81,254.128269
7685.0,90,254.347932
7685.0,90,254.582914
6615.0,72,254.776716
6535.0,90,255.02125
4725.0,90,255.284115
7885.0,90,255.582078
7655.0,81,255.834013
8975.0,90,256.102026
8020.0,90,256.330326
6250.0,83,256.559504
9470.0,90,256.779296
7860.0,90,257.060044
5285.0,79,257.275378
790.0,47,257.410838
2430.0,58,257.5832
5840.0,79,257.82133
8780.0,90,258.077077
6875.0,90,258.312296
8355.0,90,258.533074
9555.0,90,258.772958
7250.0,87,259.002211
8860.0,90,259.264763
9005.0,90,259.503309
8380.0,90,259.753097
7390.0,90,259.987392
9430.0,90,260.212549
9410.0,90,260.472932
7135.0,90,260.875641
7780.0,90,261.167517
8160.0,90,261.405584
8160.0,90,261.658354
4465.0,90,261.89241
6780.0,90,262.140921
5370.0,59,262.306449
4975.0,61,262.452585
8210.0,90,262.740958
6630.0,76,262.934367
7455.0,90,263.177215
9405.0,90,263.409812
8320.0,90,263.649753
6330.0,66,263.848887
8425.0,90,264.066546
10450.0,90,264.301675
6945.0,90,264.544967
7725.0,90,264.770934
8165.0,90,265.253047
6155.0,90,265.508303
6290.0,74,265.710244
7200.0,77,265.917558
8030.0,90,266.167945
7885.0,90,266.448933
1145.0,90,266.75474
5510.0,90,266.988548
8245.0,90,267.233637
4740.0,90,267.462263
8010.0,90,267.710871
4140.0,90,267.953378
5800.0,90,268.203364
6225.0,90,268.4712
8885.0,90,268.791196
7465.0,90,269.030456
7920.0,85,269.260287
6975.0,90,269.506676
8540.0,90,269.750116
3850.0,90,269.99043
2300.0,90,270.24165
8245.0,90,270.484068
7155.0,90,270.762002
7165.0,90,270.986851
8450.0,90,271.228525
7755.0,88,271.464664
8475.0,90,271.788954
7070.0,90,272.084887
9475.0,90,272.327923
8870.0,89,272.575603
7775.0,81,272.808397
8685.0,89,273.066051
8740.0,90,273.317753
7945.0,90,273.566005
6280.0,71,273.788239
7145.0,90,274.054331
7645.0,90,274.28716
5080.0,90,274.516236
2810.0,90,274.775943
6595.0,88,275.012779
6580.0,90,275.257235
5615.0,90,275.507116
7060.0,89,275.745019
7510.0,90,275.969588
4700.0,90,276.186144
7430.0,68,276.385286
8335.0,90,276.634278
10310.0,90,276.851819
8140.0,90,277.08346
7565.0,90,277.341426
8775.0,90,277.748145
7020.0,90,278.014555
7675.0,90,278.251311
8050.0,90,278.490958
9395.0,90,278.760716
9185.0,90,279.000382
